Affoux,mairie_affoux@hotmail.fr
Aigueperse,aigueperse.mairie.69@free.fr
Albigny-sur-Saone,gc@mairie-albignysursaone.fr
Alix,mairie@alix-village.fr
Amberieux,amberieux-69@wanadoo.fr
Amplepuis,mairie@amplepuis.mairies69.net
Ampuis,mairie@ampuis.com
Ancy,mairieancy@numericable.com
Anse,mairie@mairie-anse.com
Arnas,mairie.arnas@wanadoo.fr
Aveize,mairie.aveize@cc-hauts-du-lyonnais.fr
Avenas,avenas.mairie@chello.fr
Azolette,m.deazolette@numericable.com
Bagnols,mairie@bagnols.org
Beaujeu,mairiebeaujeu@wanadoo.fr
Belleville,""
Belmont-D'azergues,secretariat@belmont.mairies69.net
Bessenay,mairie@mairie-bessenay.fr
Bibost,""
Blace,mairie.blace@wanadoo.fr
Bourg-de-Thizy,mairie.bourg.de.thizy@wanadoo.fr
Brignais,mairie@brignais.fr
Brindas,brindas@coteaux-lyonnais.com
Bron,bronenligne@ville-bron.fr
Brullioles,""
Brussieu,brussieu@erasme.org
Bully,mairie@bully.fr
Cailloux-sur-Fontaines,mairie-cailloux@wanadoo.fr
Caluire-et-Cuire,mairie@ville-caluire.fr
Cenves,contact@cenves.org
Cercie,Mairie.cercie@wanadoo.fr
Chambost-Allieres,secretariat@chambost-allieres.mairies69.net
Chambost-Longessaigne,mairie.chambost@free.fr
Chamelet,de_chamelet.mairie@numericable.com
Champagne-au-Mont-D'or,accueil@mairie-champagne-mont-dor.fr
Chaponnay,mairie@mairie-chaponnay.fr
Chaponost,contact@mairie-chaponost.fr
Charbonnieres-les-Bains,mairie@charbonniereslesbains.com
Charentay,contacts@mairie-charentay.fr
Charly,accueil@mairie-charly.fr
Charnay,mairie@charnay69.fr
Chassagny,mairie.chassagny@cc-paysmornantais.fr
Chasselay,mairie.de_chasselay@numericable.com
Chassieu,web.comm@mairie-chassieu.fr
Chatillon,""
Chaussan,mairie.chaussan@cc-paysmornantais.fr
Chazay-D'azergues,""
Chenas,mairie@chenas.org
Chenelette,mairie@chenelette.fr
Chessy,""
Chevinay,mairie@chevinay.mairies69.net
Chiroubles,secretariat@chiroubles.fr
Civrieux-D'azergues,mairie.de.civrieux.dazergues@wanadoo.fr
Claveisolles,""
Cogny,""
Coise,mairie.coise@cc-hauts-du-lyonnais.fr 
Collonges-au-Mont-D'or,mairie.collonges@wanadoo.fr
Colombier-Saugnieu,mairie@mairie-colombiersaugnieu.fr
Communay,""
Condrieu,mairie@condrieu.fr
Corbas,communication@ville-corbas.fr
Corcelles-en-Beaujolais,secretariat@corcelles-en-beaujolais.mairies69.net
Cours-la-Ville,contact@courslaville.fr
Courzieu,courzieu-en-lyonnais@wanadoo.fr 
Couzon-au-Mont-D'or,mairie-couzon@wanadoo.fr
Craponne,infomairie@mairie-craponne.fr
Cublize,cublize.mairie@numericable.com
Curis-au-Mont-D'or,accueil@curis.fr
Dardilly,contact@mairie-dardilly.fr
Dareize,accueil@dareize.mairies69.net
Decines-Charpieu,mairie@mairie-decines.fr
Denice,mairie-denice@wanadoo.fr
Dieme,mairie@dieme.com
Dommartin,mairie.dommartin@wanadoo.fr
Drace,mairiedrace@wanadoo.fr
Duerne,mairie.duerne@cc-hauts-du-lyonnais.fr
Echalas,contact@mairie-echalas.fr
Ecully,mairie@ville-ecully.fr
Emeringes,mairie.emeringes@wanadoo.fr
Eveux,mairie-eveux@wanadoo.fr
Feyzin,p.arnould@ville-feyzin.fr
Fleurie,info@fleurie.org
Fleurieu-sur-Saone,mairie.fleurieusursaone@wanadoo.fr
Fleurieux-sur-L'arbresle,mairie.fleurieux.arbresle@wanadoo.fr
Fontaines-Saint-Martin, info@fontaines-saint-martin.fr
Fontaines-sur-Saone,fontaines-sur-saone@wanadoo.fr
Francheville,contact@mairie-francheville69.fr
Frontenas,mairie.frontenas@wanadoo.fr
Genas,accueil@ville-genas.fr
Genay,genay.info@free.fr
Givors,jravery@sitiv.fr
Gleize,contact@mairie-gleize.fr
Grandris,info@grandris.mairies69.net
Grezieu-la-Varenne,grezieu@mairie-grezieulavarenne.fr
Grezieu-le-Marche,mairie.grezieu-le-marche@cc-hauts-du-lyonnais.fr
Grigny,accueil@mairie-grigny69.fr
Haute-Rivoire,hterivoi@erasme.org
Irigny,mairie.d-irigny@wanadoo.fr
Jarnioux,mairie@jarnioux.mairies69.net
Jonage,mairie-jonage@wanadoo.fr
Jons,mairie.jons@orange.fr
Joux,mairie.dejoux@laposte.net
Julienas,mairie@julienas.fr
Jullie,mairie.jullie@wanadoo.fr
Lacenas,mairie.lacenas@wanadoo.fr
La-Chapelle-de-Mardore,lachapelledemardore@wanadoo.fr
La-Chapelle-sur-Coise,mairie.la-chapelle-sur-coise@cc-hauts-du-lyonnais.fr
Lachassagne,mairie.lachassagne@wanadoo.fr
La-Mulatiere,mairie@lamulatiere.fr
Lamure-sur-Azergues,mairie@lamuresurazergues.com
Lancie,mairiedelancie@wanadoo.fr
Lantignie,secretariat@lantignie.mairies69.net
Larajasse,larajasse@yahoo.fr
L'arbresle,contactmairie@mairie-larbresle.fr
La-Tour-de-Salvagny,mairie.latour@salvagny.org
Le-Bois-D'oingt,mairie-le-bois-d-oingt@wanadoo.fr
Le-Breuil,BREUIL71-FR@libertysurf.fr
Legny, bureau@legny.mairies69.net 
Lentilly,mairie@mairie-lentilly.fr
Le-Perreon,mairie@perreon.mairies69.net
Les-Ardillats,secretariat@lesardillats.mairies69.net
Les-Cheres,mairie.les.cheres@wanadoo.fr
Les-Haies,mairie.leshaies@numericable.com
Les-Halles,lhalles@erasme.org
Les-Olmes,mairie.lesolmes@wanadoo.fr
Les-Sauvages,mairielessauvages@chello.fr
Letra,letra@letra.mairies69.net
Liergues,mairiedeliergues@wanadoo.fr
Limas,contact@limas.mairies69.net
Limonest,contact@mairie-limonest.fr
Lissieu,mairie.de.lissieu@wanadoo.fr
Loire-sur-Rhone,mairie@loire-sur-rhone.fr
Longes,mairie@longes.fr
Longessaigne,longessa@erasme.org
Lozanne,mairie.lozanne@wanadoo.fr
Lucenay,mairie@lucenay.fr
Lyon,webmaster@mairie-lyon.fr
Lyon-Secteur-01,mairie1@mairie-lyon.fr
Lyon-Secteur-02,mairie2@mairie-lyon.fr
Lyon-Secteur-03,mairie3@mairie-lyon.fr
Lyon-Secteur-04,mairie4@mairie-lyon.fr
Lyon-Secteur-05,mairie5@mairie-lyon.fr
Lyon-Secteur-06,mairie6@mairie-lyon.fr
Lyon-Secteur-07,mairie7@mairie-lyon.fr
Lyon-Secteur-08,mairie8@mairie-lyon.fr
Lyon-Secteur-09,mairie9@mairie-lyon.fr
Marchampt,maire.marchampt@laposte.net
Marcilly-D'azergues,m.demarcillydazergues@numericable.com
Marcy,mairie.marcysuranse@wanadoo.fr
Marcy-L'etoile,communication@mairie-marcy-l-etoile.fr
Mardore,""
Marennes,marennes69@wanadoo.fr
Marnand,communemarnand@wanadoo.fr
